<application>
  <component name="ProjectJdkTable">
    <jdk version="2">
      <name value="11" />
      <type value="JavaSDK" />
      <version value="java version &quot;11.0.1&quot;" />
      <homePath value="E:/Java JDK11" />
      <roots>
        <annotationsPath>
          <root type="composite">
            <root url="jar://$APPLICATION_HOME_DIR$/lib/jdkAnnotations.jar!/" type="simple" />
          </root>
        </annotationsPath>
        <classPath>
          <root type="composite">
            <root url="jrt://E:/Java JDK11!/java.base" type="simple" />
            <root url="jrt://E:/Java JDK11!/java.compiler" type="simple" />
            <root url="jrt://E:/Java JDK11!/java.datatransfer" type="simple" />
            <root url="jrt://E:/Java JDK11!/java.desktop" type="simple" />
            <root url="jrt://E:/Java JDK11!/java.instrument" type="simple" />
            <root url="jrt://E:/Java JDK11!/java.logging" type="simple" />
            <root url="jrt://E:/Java JDK11!/java.management" type="simple" />
            <root url="jrt://E:/Java JDK11!/java.management.rmi" type="simple" />
            <root url="jrt://E:/Java JDK11!/java.naming" type="simple" />
            <root url="jrt://E:/Java JDK11!/java.net.http" type="simple" />
            <root url="jrt://E:/Java JDK11!/java.prefs" type="simple" />
            <root url="jrt://E:/Java JDK11!/java.rmi" type="simple" />
            <root url="jrt://E:/Java JDK11!/java.scripting" type="simple" />
            <root url="jrt://E:/Java JDK11!/java.se" type="simple" />
            <root url="jrt://E:/Java JDK11!/java.security.jgss" type="simple" />
            <root url="jrt://E:/Java JDK11!/java.security.sasl" type="simple" />
            <root url="jrt://E:/Java JDK11!/java.smartcardio" type="simple" />
            <root url="jrt://E:/Java JDK11!/java.sql" type="simple" />
            <root url="jrt://E:/Java JDK11!/java.sql.rowset" type="simple" />
            <root url="jrt://E:/Java JDK11!/java.transaction.xa" type="simple" />
            <root url="jrt://E:/Java JDK11!/java.xml" type="simple" />
            <root url="jrt://E:/Java JDK11!/java.xml.crypto" type="simple" />
            <root url="jrt://E:/Java JDK11!/jdk.accessibility" type="simple" />
            <root url="jrt://E:/Java JDK11!/jdk.aot" type="simple" />
            <root url="jrt://E:/Java JDK11!/jdk.attach" type="simple" />
            <root url="jrt://E:/Java JDK11!/jdk.charsets" type="simple" />
            <root url="jrt://E:/Java JDK11!/jdk.compiler" type="simple" />
            <root url="jrt://E:/Java JDK11!/jdk.crypto.cryptoki" type="simple" />
            <root url="jrt://E:/Java JDK11!/jdk.crypto.ec" type="simple" />
            <root url="jrt://E:/Java JDK11!/jdk.crypto.mscapi" type="simple" />
            <root url="jrt://E:/Java JDK11!/jdk.dynalink" type="simple" />
            <root url="jrt://E:/Java JDK11!/jdk.editpad" type="simple" />
            <root url="jrt://E:/Java JDK11!/jdk.hotspot.agent" type="simple" />
            <root url="jrt://E:/Java JDK11!/jdk.httpserver" type="simple" />
            <root url="jrt://E:/Java JDK11!/jdk.internal.ed" type="simple" />
            <root url="jrt://E:/Java JDK11!/jdk.internal.jvmstat" type="simple" />
            <root url="jrt://E:/Java JDK11!/jdk.internal.le" type="simple" />
            <root url="jrt://E:/Java JDK11!/jdk.internal.opt" type="simple" />
            <root url="jrt://E:/Java JDK11!/jdk.internal.vm.ci" type="simple" />
            <root url="jrt://E:/Java JDK11!/jdk.internal.vm.compiler" type="simple" />
            <root url="jrt://E:/Java JDK11!/jdk.internal.vm.compiler.management" type="simple" />
            <root url="jrt://E:/Java JDK11!/jdk.jartool" type="simple" />
            <root url="jrt://E:/Java JDK11!/jdk.javadoc" type="simple" />
            <root url="jrt://E:/Java JDK11!/jdk.jcmd" type="simple" />
            <root url="jrt://E:/Java JDK11!/jdk.jconsole" type="simple" />
            <root url="jrt://E:/Java JDK11!/jdk.jdeps" type="simple" />
            <root url="jrt://E:/Java JDK11!/jdk.jdi" type="simple" />
            <root url="jrt://E:/Java JDK11!/jdk.jdwp.agent" type="simple" />
            <root url="jrt://E:/Java JDK11!/jdk.jfr" type="simple" />
            <root url="jrt://E:/Java JDK11!/jdk.jlink" type="simple" />
            <root url="jrt://E:/Java JDK11!/jdk.jshell" type="simple" />
            <root url="jrt://E:/Java JDK11!/jdk.jsobject" type="simple" />
            <root url="jrt://E:/Java JDK11!/jdk.jstatd" type="simple" />
            <root url="jrt://E:/Java JDK11!/jdk.localedata" type="simple" />
            <root url="jrt://E:/Java JDK11!/jdk.management" type="simple" />
            <root url="jrt://E:/Java JDK11!/jdk.management.agent" type="simple" />
            <root url="jrt://E:/Java JDK11!/jdk.management.jfr" type="simple" />
            <root url="jrt://E:/Java JDK11!/jdk.naming.dns" type="simple" />
            <root url="jrt://E:/Java JDK11!/jdk.naming.rmi" type="simple" />
            <root url="jrt://E:/Java JDK11!/jdk.net" type="simple" />
            <root url="jrt://E:/Java JDK11!/jdk.pack" type="simple" />
            <root url="jrt://E:/Java JDK11!/jdk.rmic" type="simple" />
            <root url="jrt://E:/Java JDK11!/jdk.scripting.nashorn" type="simple" />
            <root url="jrt://E:/Java JDK11!/jdk.scripting.nashorn.shell" type="simple" />
            <root url="jrt://E:/Java JDK11!/jdk.sctp" type="simple" />
            <root url="jrt://E:/Java JDK11!/jdk.security.auth" type="simple" />
            <root url="jrt://E:/Java JDK11!/jdk.security.jgss" type="simple" />
            <root url="jrt://E:/Java JDK11!/jdk.unsupported" type="simple" />
            <root url="jrt://E:/Java JDK11!/jdk.unsupported.desktop" type="simple" />
            <root url="jrt://E:/Java JDK11!/jdk.xml.dom" type="simple" />
            <root url="jrt://E:/Java JDK11!/jdk.zipfs" type="simple" />
          </root>
        </classPath>
        <javadocPath>
          <root type="composite" />
        </javadocPath>
        <sourcePath>
          <root type="composite">
            <root url="jar://E:/Java JDK11/lib/src.zip!/java.se" type="simple" />
            <root url="jar://E:/Java JDK11/lib/src.zip!/jdk.aot" type="simple" />
            <root url="jar://E:/Java JDK11/lib/src.zip!/jdk.jdi" type="simple" />
            <root url="jar://E:/Java JDK11/lib/src.zip!/jdk.jfr" type="simple" />
            <root url="jar://E:/Java JDK11/lib/src.zip!/jdk.net" type="simple" />
            <root url="jar://E:/Java JDK11/lib/src.zip!/java.rmi" type="simple" />
            <root url="jar://E:/Java JDK11/lib/src.zip!/java.sql" type="simple" />
            <root url="jar://E:/Java JDK11/lib/src.zip!/java.xml" type="simple" />
            <root url="jar://E:/Java JDK11/lib/src.zip!/jdk.jcmd" type="simple" />
            <root url="jar://E:/Java JDK11/lib/src.zip!/jdk.pack" type="simple" />
            <root url="jar://E:/Java JDK11/lib/src.zip!/jdk.rmic" type="simple" />
            <root url="jar://E:/Java JDK11/lib/src.zip!/jdk.sctp" type="simple" />
            <root url="jar://E:/Java JDK11/lib/src.zip!/java.base" type="simple" />
            <root url="jar://E:/Java JDK11/lib/src.zip!/jdk.jdeps" type="simple" />
            <root url="jar://E:/Java JDK11/lib/src.zip!/jdk.jlink" type="simple" />
            <root url="jar://E:/Java JDK11/lib/src.zip!/jdk.zipfs" type="simple" />
            <root url="jar://E:/Java JDK11/lib/src.zip!/java.prefs" type="simple" />
            <root url="jar://E:/Java JDK11/lib/src.zip!/jdk.attach" type="simple" />
            <root url="jar://E:/Java JDK11/lib/src.zip!/jdk.jshell" type="simple" />
            <root url="jar://E:/Java JDK11/lib/src.zip!/jdk.jstatd" type="simple" />
            <root url="jar://E:/Java JDK11/lib/src.zip!/java.naming" type="simple" />
            <root url="jar://E:/Java JDK11/lib/src.zip!/jdk.editpad" type="simple" />
            <root url="jar://E:/Java JDK11/lib/src.zip!/jdk.jartool" type="simple" />
            <root url="jar://E:/Java JDK11/lib/src.zip!/jdk.javadoc" type="simple" />
            <root url="jar://E:/Java JDK11/lib/src.zip!/jdk.xml.dom" type="simple" />
            <root url="jar://E:/Java JDK11/lib/src.zip!/java.desktop" type="simple" />
            <root url="jar://E:/Java JDK11/lib/src.zip!/java.logging" type="simple" />
            <root url="jar://E:/Java JDK11/lib/src.zip!/jdk.charsets" type="simple" />
            <root url="jar://E:/Java JDK11/lib/src.zip!/jdk.compiler" type="simple" />
            <root url="jar://E:/Java JDK11/lib/src.zip!/jdk.dynalink" type="simple" />
            <root url="jar://E:/Java JDK11/lib/src.zip!/jdk.jconsole" type="simple" />
            <root url="jar://E:/Java JDK11/lib/src.zip!/jdk.jsobject" type="simple" />
            <root url="jar://E:/Java JDK11/lib/src.zip!/java.compiler" type="simple" />
            <root url="jar://E:/Java JDK11/lib/src.zip!/java.net.http" type="simple" />
            <root url="jar://E:/Java JDK11/lib/src.zip!/jdk.crypto.ec" type="simple" />
            <root url="jar://E:/Java JDK11/lib/src.zip!/java.scripting" type="simple" />
            <root url="jar://E:/Java JDK11/lib/src.zip!/jdk.httpserver" type="simple" />
            <root url="jar://E:/Java JDK11/lib/src.zip!/jdk.jdwp.agent" type="simple" />
            <root url="jar://E:/Java JDK11/lib/src.zip!/jdk.localedata" type="simple" />
            <root url="jar://E:/Java JDK11/lib/src.zip!/jdk.management" type="simple" />
            <root url="jar://E:/Java JDK11/lib/src.zip!/jdk.naming.dns" type="simple" />
            <root url="jar://E:/Java JDK11/lib/src.zip!/jdk.naming.rmi" type="simple" />
            <root url="jar://E:/Java JDK11/lib/src.zip!/java.instrument" type="simple" />
            <root url="jar://E:/Java JDK11/lib/src.zip!/java.management" type="simple" />
            <root url="jar://E:/Java JDK11/lib/src.zip!/java.sql.rowset" type="simple" />
            <root url="jar://E:/Java JDK11/lib/src.zip!/java.xml.crypto" type="simple" />
            <root url="jar://E:/Java JDK11/lib/src.zip!/jdk.internal.ed" type="simple" />
            <root url="jar://E:/Java JDK11/lib/src.zip!/jdk.internal.le" type="simple" />
            <root url="jar://E:/Java JDK11/lib/src.zip!/jdk.unsupported" type="simple" />
            <root url="jar://E:/Java JDK11/lib/src.zip!/java.smartcardio" type="simple" />
            <root url="jar://E:/Java JDK11/lib/src.zip!/jdk.internal.opt" type="simple" />
            <root url="jar://E:/Java JDK11/lib/src.zip!/java.datatransfer" type="simple" />
            <root url="jar://E:/Java JDK11/lib/src.zip!/jdk.accessibility" type="simple" />
            <root url="jar://E:/Java JDK11/lib/src.zip!/jdk.crypto.mscapi" type="simple" />
            <root url="jar://E:/Java JDK11/lib/src.zip!/jdk.hotspot.agent" type="simple" />
            <root url="jar://E:/Java JDK11/lib/src.zip!/jdk.security.auth" type="simple" />
            <root url="jar://E:/Java JDK11/lib/src.zip!/jdk.security.jgss" type="simple" />
            <root url="jar://E:/Java JDK11/lib/src.zip!/java.security.jgss" type="simple" />
            <root url="jar://E:/Java JDK11/lib/src.zip!/java.security.sasl" type="simple" />
            <root url="jar://E:/Java JDK11/lib/src.zip!/jdk.internal.vm.ci" type="simple" />
            <root url="jar://E:/Java JDK11/lib/src.zip!/jdk.management.jfr" type="simple" />
            <root url="jar://E:/Java JDK11/lib/src.zip!/java.management.rmi" type="simple" />
            <root url="jar://E:/Java JDK11/lib/src.zip!/java.transaction.xa" type="simple" />
            <root url="jar://E:/Java JDK11/lib/src.zip!/jdk.crypto.cryptoki" type="simple" />
            <root url="jar://E:/Java JDK11/lib/src.zip!/jdk.internal.jvmstat" type="simple" />
            <root url="jar://E:/Java JDK11/lib/src.zip!/jdk.management.agent" type="simple" />
            <root url="jar://E:/Java JDK11/lib/src.zip!/jdk.scripting.nashorn" type="simple" />
            <root url="jar://E:/Java JDK11/lib/src.zip!/jdk.unsupported.desktop" type="simple" />
            <root url="jar://E:/Java JDK11/lib/src.zip!/jdk.internal.vm.compiler" type="simple" />
            <root url="jar://E:/Java JDK11/lib/src.zip!/jdk.scripting.nashorn.shell" type="simple" />
            <root url="jar://E:/Java JDK11/lib/src.zip!/jdk.internal.vm.compiler.management" type="simple" />
          </root>
        </sourcePath>
      </roots>
      <additional />
    </jdk>
    <jdk version="2">
      <name value="10" />
      <type value="JavaSDK" />
      <version value="java version &quot;10.0.2&quot;" />
      <homePath value="E:/JDK10" />
      <roots>
        <annotationsPath>
          <root type="composite">
            <root url="jar://$APPLICATION_HOME_DIR$/lib/jdkAnnotations.jar!/" type="simple" />
          </root>
        </annotationsPath>
        <classPath>
          <root type="composite">
            <root url="jrt://E:/JDK10!/java.activation" type="simple" />
            <root url="jrt://E:/JDK10!/java.base" type="simple" />
            <root url="jrt://E:/JDK10!/java.compiler" type="simple" />
            <root url="jrt://E:/JDK10!/java.corba" type="simple" />
            <root url="jrt://E:/JDK10!/java.datatransfer" type="simple" />
            <root url="jrt://E:/JDK10!/java.desktop" type="simple" />
            <root url="jrt://E:/JDK10!/java.instrument" type="simple" />
            <root url="jrt://E:/JDK10!/java.jnlp" type="simple" />
            <root url="jrt://E:/JDK10!/java.logging" type="simple" />
            <root url="jrt://E:/JDK10!/java.management" type="simple" />
            <root url="jrt://E:/JDK10!/java.management.rmi" type="simple" />
            <root url="jrt://E:/JDK10!/java.naming" type="simple" />
            <root url="jrt://E:/JDK10!/java.prefs" type="simple" />
            <root url="jrt://E:/JDK10!/java.rmi" type="simple" />
            <root url="jrt://E:/JDK10!/java.scripting" type="simple" />
            <root url="jrt://E:/JDK10!/java.se" type="simple" />
            <root url="jrt://E:/JDK10!/java.se.ee" type="simple" />
            <root url="jrt://E:/JDK10!/java.security.jgss" type="simple" />
            <root url="jrt://E:/JDK10!/java.security.sasl" type="simple" />
            <root url="jrt://E:/JDK10!/java.smartcardio" type="simple" />
            <root url="jrt://E:/JDK10!/java.sql" type="simple" />
            <root url="jrt://E:/JDK10!/java.sql.rowset" type="simple" />
            <root url="jrt://E:/JDK10!/java.transaction" type="simple" />
            <root url="jrt://E:/JDK10!/java.xml" type="simple" />
            <root url="jrt://E:/JDK10!/java.xml.bind" type="simple" />
            <root url="jrt://E:/JDK10!/java.xml.crypto" type="simple" />
            <root url="jrt://E:/JDK10!/java.xml.ws" type="simple" />
            <root url="jrt://E:/JDK10!/java.xml.ws.annotation" type="simple" />
            <root url="jrt://E:/JDK10!/javafx.base" type="simple" />
            <root url="jrt://E:/JDK10!/javafx.controls" type="simple" />
            <root url="jrt://E:/JDK10!/javafx.deploy" type="simple" />
            <root url="jrt://E:/JDK10!/javafx.fxml" type="simple" />
            <root url="jrt://E:/JDK10!/javafx.graphics" type="simple" />
            <root url="jrt://E:/JDK10!/javafx.media" type="simple" />
            <root url="jrt://E:/JDK10!/javafx.swing" type="simple" />
            <root url="jrt://E:/JDK10!/javafx.web" type="simple" />
            <root url="jrt://E:/JDK10!/jdk.accessibility" type="simple" />
            <root url="jrt://E:/JDK10!/jdk.aot" type="simple" />
            <root url="jrt://E:/JDK10!/jdk.attach" type="simple" />
            <root url="jrt://E:/JDK10!/jdk.charsets" type="simple" />
            <root url="jrt://E:/JDK10!/jdk.compiler" type="simple" />
            <root url="jrt://E:/JDK10!/jdk.crypto.cryptoki" type="simple" />
            <root url="jrt://E:/JDK10!/jdk.crypto.ec" type="simple" />
            <root url="jrt://E:/JDK10!/jdk.crypto.mscapi" type="simple" />
            <root url="jrt://E:/JDK10!/jdk.deploy" type="simple" />
            <root url="jrt://E:/JDK10!/jdk.deploy.controlpanel" type="simple" />
            <root url="jrt://E:/JDK10!/jdk.dynalink" type="simple" />
            <root url="jrt://E:/JDK10!/jdk.editpad" type="simple" />
            <root url="jrt://E:/JDK10!/jdk.hotspot.agent" type="simple" />
            <root url="jrt://E:/JDK10!/jdk.httpserver" type="simple" />
            <root url="jrt://E:/JDK10!/jdk.incubator.httpclient" type="simple" />
            <root url="jrt://E:/JDK10!/jdk.internal.ed" type="simple" />
            <root url="jrt://E:/JDK10!/jdk.internal.jvmstat" type="simple" />
            <root url="jrt://E:/JDK10!/jdk.internal.le" type="simple" />
            <root url="jrt://E:/JDK10!/jdk.internal.opt" type="simple" />
            <root url="jrt://E:/JDK10!/jdk.internal.vm.ci" type="simple" />
            <root url="jrt://E:/JDK10!/jdk.internal.vm.compiler" type="simple" />
            <root url="jrt://E:/JDK10!/jdk.internal.vm.compiler.management" type="simple" />
            <root url="jrt://E:/JDK10!/jdk.jartool" type="simple" />
            <root url="jrt://E:/JDK10!/jdk.javadoc" type="simple" />
            <root url="jrt://E:/JDK10!/jdk.javaws" type="simple" />
            <root url="jrt://E:/JDK10!/jdk.jcmd" type="simple" />
            <root url="jrt://E:/JDK10!/jdk.jconsole" type="simple" />
            <root url="jrt://E:/JDK10!/jdk.jdeps" type="simple" />
            <root url="jrt://E:/JDK10!/jdk.jdi" type="simple" />
            <root url="jrt://E:/JDK10!/jdk.jdwp.agent" type="simple" />
            <root url="jrt://E:/JDK10!/jdk.jfr" type="simple" />
            <root url="jrt://E:/JDK10!/jdk.jlink" type="simple" />
            <root url="jrt://E:/JDK10!/jdk.jshell" type="simple" />
            <root url="jrt://E:/JDK10!/jdk.jsobject" type="simple" />
            <root url="jrt://E:/JDK10!/jdk.jstatd" type="simple" />
            <root url="jrt://E:/JDK10!/jdk.localedata" type="simple" />
            <root url="jrt://E:/JDK10!/jdk.management" type="simple" />
            <root url="jrt://E:/JDK10!/jdk.management.agent" type="simple" />
            <root url="jrt://E:/JDK10!/jdk.management.cmm" type="simple" />
            <root url="jrt://E:/JDK10!/jdk.management.jfr" type="simple" />
            <root url="jrt://E:/JDK10!/jdk.management.resource" type="simple" />
            <root url="jrt://E:/JDK10!/jdk.naming.dns" type="simple" />
            <root url="jrt://E:/JDK10!/jdk.naming.rmi" type="simple" />
            <root url="jrt://E:/JDK10!/jdk.net" type="simple" />
            <root url="jrt://E:/JDK10!/jdk.pack" type="simple" />
            <root url="jrt://E:/JDK10!/jdk.packager" type="simple" />
            <root url="jrt://E:/JDK10!/jdk.packager.services" type="simple" />
            <root url="jrt://E:/JDK10!/jdk.plugin" type="simple" />
            <root url="jrt://E:/JDK10!/jdk.plugin.server" type="simple" />
            <root url="jrt://E:/JDK10!/jdk.rmic" type="simple" />
            <root url="jrt://E:/JDK10!/jdk.scripting.nashorn" type="simple" />
            <root url="jrt://E:/JDK10!/jdk.scripting.nashorn.shell" type="simple" />
            <root url="jrt://E:/JDK10!/jdk.sctp" type="simple" />
            <root url="jrt://E:/JDK10!/jdk.security.auth" type="simple" />
            <root url="jrt://E:/JDK10!/jdk.security.jgss" type="simple" />
            <root url="jrt://E:/JDK10!/jdk.snmp" type="simple" />
            <root url="jrt://E:/JDK10!/jdk.unsupported" type="simple" />
            <root url="jrt://E:/JDK10!/jdk.xml.bind" type="simple" />
            <root url="jrt://E:/JDK10!/jdk.xml.dom" type="simple" />
            <root url="jrt://E:/JDK10!/jdk.xml.ws" type="simple" />
            <root url="jrt://E:/JDK10!/jdk.zipfs" type="simple" />
            <root url="jrt://E:/JDK10!/oracle.desktop" type="simple" />
            <root url="jrt://E:/JDK10!/oracle.net" type="simple" />
          </root>
        </classPath>
        <javadocPath>
          <root type="composite" />
        </javadocPath>
        <sourcePath>
          <root type="composite">
            <root url="jar://E:/JDK10/lib/src.zip!/java.se" type="simple" />
            <root url="jar://E:/JDK10/lib/src.zip!/jdk.aot" type="simple" />
            <root url="jar://E:/JDK10/lib/src.zip!/jdk.jdi" type="simple" />
            <root url="jar://E:/JDK10/lib/src.zip!/jdk.net" type="simple" />
            <root url="jar://E:/JDK10/lib/src.zip!/java.rmi" type="simple" />
            <root url="jar://E:/JDK10/lib/src.zip!/java.sql" type="simple" />
            <root url="jar://E:/JDK10/lib/src.zip!/java.xml" type="simple" />
            <root url="jar://E:/JDK10/lib/src.zip!/jdk.jcmd" type="simple" />
            <root url="jar://E:/JDK10/lib/src.zip!/jdk.pack" type="simple" />
            <root url="jar://E:/JDK10/lib/src.zip!/jdk.rmic" type="simple" />
            <root url="jar://E:/JDK10/lib/src.zip!/jdk.sctp" type="simple" />
            <root url="jar://E:/JDK10/lib/src.zip!/java.base" type="simple" />
            <root url="jar://E:/JDK10/lib/src.zip!/jdk.jdeps" type="simple" />
            <root url="jar://E:/JDK10/lib/src.zip!/jdk.jlink" type="simple" />
            <root url="jar://E:/JDK10/lib/src.zip!/jdk.zipfs" type="simple" />
            <root url="jar://E:/JDK10/lib/src.zip!/java.corba" type="simple" />
            <root url="jar://E:/JDK10/lib/src.zip!/java.prefs" type="simple" />
            <root url="jar://E:/JDK10/lib/src.zip!/java.se.ee" type="simple" />
            <root url="jar://E:/JDK10/lib/src.zip!/javafx.web" type="simple" />
            <root url="jar://E:/JDK10/lib/src.zip!/jdk.attach" type="simple" />
            <root url="jar://E:/JDK10/lib/src.zip!/jdk.jshell" type="simple" />
            <root url="jar://E:/JDK10/lib/src.zip!/jdk.jstatd" type="simple" />
            <root url="jar://E:/JDK10/lib/src.zip!/jdk.xml.ws" type="simple" />
            <root url="jar://E:/JDK10/lib/src.zip!/java.naming" type="simple" />
            <root url="jar://E:/JDK10/lib/src.zip!/java.xml.ws" type="simple" />
            <root url="jar://E:/JDK10/lib/src.zip!/javafx.base" type="simple" />
            <root url="jar://E:/JDK10/lib/src.zip!/javafx.fxml" type="simple" />
            <root url="jar://E:/JDK10/lib/src.zip!/jdk.editpad" type="simple" />
            <root url="jar://E:/JDK10/lib/src.zip!/jdk.jartool" type="simple" />
            <root url="jar://E:/JDK10/lib/src.zip!/jdk.javadoc" type="simple" />
            <root url="jar://E:/JDK10/lib/src.zip!/jdk.xml.dom" type="simple" />
            <root url="jar://E:/JDK10/lib/src.zip!/java.desktop" type="simple" />
            <root url="jar://E:/JDK10/lib/src.zip!/java.logging" type="simple" />
            <root url="jar://E:/JDK10/lib/src.zip!/javafx.media" type="simple" />
            <root url="jar://E:/JDK10/lib/src.zip!/javafx.swing" type="simple" />
            <root url="jar://E:/JDK10/lib/src.zip!/jdk.charsets" type="simple" />
            <root url="jar://E:/JDK10/lib/src.zip!/jdk.compiler" type="simple" />
            <root url="jar://E:/JDK10/lib/src.zip!/jdk.dynalink" type="simple" />
            <root url="jar://E:/JDK10/lib/src.zip!/jdk.jconsole" type="simple" />
            <root url="jar://E:/JDK10/lib/src.zip!/jdk.jsobject" type="simple" />
            <root url="jar://E:/JDK10/lib/src.zip!/jdk.packager" type="simple" />
            <root url="jar://E:/JDK10/lib/src.zip!/jdk.xml.bind" type="simple" />
            <root url="jar://E:/JDK10/lib/src.zip!/java.compiler" type="simple" />
            <root url="jar://E:/JDK10/lib/src.zip!/java.xml.bind" type="simple" />
            <root url="jar://E:/JDK10/lib/src.zip!/jdk.crypto.ec" type="simple" />
            <root url="jar://E:/JDK10/lib/src.zip!/java.scripting" type="simple" />
            <root url="jar://E:/JDK10/lib/src.zip!/jdk.httpserver" type="simple" />
            <root url="jar://E:/JDK10/lib/src.zip!/jdk.jdwp.agent" type="simple" />
            <root url="jar://E:/JDK10/lib/src.zip!/jdk.localedata" type="simple" />
            <root url="jar://E:/JDK10/lib/src.zip!/jdk.management" type="simple" />
            <root url="jar://E:/JDK10/lib/src.zip!/jdk.naming.dns" type="simple" />
            <root url="jar://E:/JDK10/lib/src.zip!/jdk.naming.rmi" type="simple" />
            <root url="jar://E:/JDK10/lib/src.zip!/java.activation" type="simple" />
            <root url="jar://E:/JDK10/lib/src.zip!/java.instrument" type="simple" />
            <root url="jar://E:/JDK10/lib/src.zip!/java.management" type="simple" />
            <root url="jar://E:/JDK10/lib/src.zip!/java.sql.rowset" type="simple" />
            <root url="jar://E:/JDK10/lib/src.zip!/java.xml.crypto" type="simple" />
            <root url="jar://E:/JDK10/lib/src.zip!/javafx.controls" type="simple" />
            <root url="jar://E:/JDK10/lib/src.zip!/javafx.graphics" type="simple" />
            <root url="jar://E:/JDK10/lib/src.zip!/jdk.internal.ed" type="simple" />
            <root url="jar://E:/JDK10/lib/src.zip!/jdk.internal.le" type="simple" />
            <root url="jar://E:/JDK10/lib/src.zip!/jdk.unsupported" type="simple" />
            <root url="jar://E:/JDK10/lib/src.zip!/java.smartcardio" type="simple" />
            <root url="jar://E:/JDK10/lib/src.zip!/java.transaction" type="simple" />
            <root url="jar://E:/JDK10/lib/src.zip!/jdk.internal.opt" type="simple" />
            <root url="jar://E:/JDK10/lib/src.zip!/java.datatransfer" type="simple" />
            <root url="jar://E:/JDK10/lib/src.zip!/jdk.accessibility" type="simple" />
            <root url="jar://E:/JDK10/lib/src.zip!/jdk.crypto.mscapi" type="simple" />
            <root url="jar://E:/JDK10/lib/src.zip!/jdk.hotspot.agent" type="simple" />
            <root url="jar://E:/JDK10/lib/src.zip!/jdk.security.auth" type="simple" />
            <root url="jar://E:/JDK10/lib/src.zip!/jdk.security.jgss" type="simple" />
            <root url="jar://E:/JDK10/lib/src.zip!/java.security.jgss" type="simple" />
            <root url="jar://E:/JDK10/lib/src.zip!/java.security.sasl" type="simple" />
            <root url="jar://E:/JDK10/lib/src.zip!/jdk.internal.vm.ci" type="simple" />
            <root url="jar://E:/JDK10/lib/src.zip!/java.management.rmi" type="simple" />
            <root url="jar://E:/JDK10/lib/src.zip!/jdk.crypto.cryptoki" type="simple" />
            <root url="jar://E:/JDK10/lib/src.zip!/jdk.internal.jvmstat" type="simple" />
            <root url="jar://E:/JDK10/lib/src.zip!/jdk.management.agent" type="simple" />
            <root url="jar://E:/JDK10/lib/src.zip!/jdk.packager.services" type="simple" />
            <root url="jar://E:/JDK10/lib/src.zip!/jdk.scripting.nashorn" type="simple" />
            <root url="jar://E:/JDK10/lib/src.zip!/java.xml.ws.annotation" type="simple" />
            <root url="jar://E:/JDK10/lib/src.zip!/jdk.incubator.httpclient" type="simple" />
            <root url="jar://E:/JDK10/lib/src.zip!/jdk.internal.vm.compiler" type="simple" />
            <root url="jar://E:/JDK10/lib/src.zip!/jdk.scripting.nashorn.shell" type="simple" />
            <root url="jar://E:/JDK10/lib/src.zip!/jdk.internal.vm.compiler.management" type="simple" />
          </root>
        </sourcePath>
      </roots>
      <additional />
    </jdk>
  </component>
</application>